{"cameraMode":{"drawMode":0,"name":"Shaded","section":"Shading Mode"},"sceneLighting":true,"audioPlay":false,"sceneViewState":{"m_AlwaysRefresh":false,"showFog":true,"showSkybox":true,"showFlares":true,"showImageEffects":true,"showParticleSystems":true,"showVisualEffectGraphs":true,"m_FxEnabled":true},"in2DMode":false,"pivot":{"x":1.0449509620666505,"y":-0.6182985305786133,"z":-1.7814797163009644},"rotation":{"x":-0.0064187017269432549,"y":-0.7009063363075256,"z":0.006308481562882662,"w":-0.7132010459899902},"size":1.6602147817611695,"orthographic":true}